width, p ,time
1,0.0,20
1,0.01,40
1,0.02,60
1,0.03,80
1,0.04,100
1,0.05,120
1,0.060000000000000005,140
1,0.07,160
1,0.08,180
1,0.09,200
1,0.09999999999999999,220
1,0.10999999999999999,240
1,0.11999999999999998,260
1,0.12999999999999998,280
1,0.13999999999999999,300
1,0.15,320
1,0.16,340
1,0.17,360
1,0.18000000000000002,380
1,0.19000000000000003,400
1,0.20000000000000004,420
1,0.21000000000000005,440
1,0.22000000000000006,460
1,0.23000000000000007,480
1,0.24000000000000007,500
1,0.25000000000000006,520
1,0.26000000000000006,540
1,0.2700000000000001,560
1,0.2800000000000001,580
1,0.2900000000000001,600
1,0.3000000000000001,620
1,0.3100000000000001,640
1,0.3200000000000001,660
1,0.3300000000000001,680
1,0.34000000000000014,700
1,0.35000000000000014,720
1,0.36000000000000015,740
1,0.37000000000000016,760
1,0.38000000000000017,780
1,0.3900000000000002,800
1,0.4000000000000002,820
1,0.4100000000000002,840
1,0.4200000000000002,860
1,0.4300000000000002,880
1,0.4400000000000002,900
1,0.45000000000000023,920
1,0.46000000000000024,940
1,0.47000000000000025,960
1,0.48000000000000026,980
1,0.49000000000000027,1000
1,0.5000000000000002,1020
1,0.5100000000000002,1040
1,0.5200000000000002,1060
1,0.5300000000000002,1080
1,0.5400000000000003,1100
1,0.5500000000000003,1120
1,0.5600000000000003,1140
1,0.5700000000000003,1160
1,0.5800000000000003,1180
1,0.5900000000000003,1200
1,0.6000000000000003,1220
1,0.6100000000000003,1240
1,0.6200000000000003,1260
1,0.6300000000000003,1280
1,0.6400000000000003,1300
1,0.6500000000000004,1320
1,0.6600000000000004,1340
1,0.6700000000000004,1360
1,0.6800000000000004,1380
1,0.6900000000000004,1400
1,0.7000000000000004,1420
1,0.7100000000000004,1440
1,0.7200000000000004,1460
1,0.7300000000000004,1480
1,0.7400000000000004,1500
1,0.7500000000000004,1520
1,0.7600000000000005,1540
1,0.7700000000000005,1560
1,0.7800000000000005,1580
1,0.7900000000000005,1600
1,0.8000000000000005,1620
1,0.8100000000000005,1640
1,0.8200000000000005,1660
1,0.8300000000000005,1680
1,0.8400000000000005,1700
1,0.8500000000000005,1720
1,0.8600000000000005,1740
1,0.8700000000000006,1760
1,0.8800000000000006,1780
1,0.8900000000000006,1800
1,0.9000000000000006,1820
1,0.9100000000000006,1840
1,0.9200000000000006,1860
1,0.9300000000000006,1880
1,0.9400000000000006,1900
1,0.9500000000000006,1920
1,0.9600000000000006,1940
1,0.9700000000000006,1960
1,0.9800000000000006,1980
1,0.9900000000000007,2000
2,0.0,2030
2,0.01,2060
2,0.02,2090
2,0.03,2120
2,0.04,2150
2,0.05,2180
2,0.060000000000000005,2210
2,0.07,2240
2,0.08,2270
2,0.09,2300
2,0.09999999999999999,2330
2,0.10999999999999999,2360
2,0.11999999999999998,2390
2,0.12999999999999998,2420
2,0.13999999999999999,2450
2,0.15,2480
2,0.16,2510
2,0.17,2540
2,0.18000000000000002,2570
2,0.19000000000000003,2600
2,0.20000000000000004,2630
2,0.21000000000000005,2660
2,0.22000000000000006,2690
2,0.23000000000000007,2720
2,0.24000000000000007,2750
2,0.25000000000000006,2780
2,0.26000000000000006,2810
2,0.2700000000000001,2840
2,0.2800000000000001,2870
2,0.2900000000000001,2900
2,0.3000000000000001,2930
2,0.3100000000000001,2960
2,0.3200000000000001,2990
2,0.3300000000000001,3020
2,0.34000000000000014,3050
2,0.35000000000000014,3080
2,0.36000000000000015,3110
2,0.37000000000000016,3140
2,0.38000000000000017,3170
2,0.3900000000000002,3200
2,0.4000000000000002,3230
2,0.4100000000000002,3260
2,0.4200000000000002,3290
2,0.4300000000000002,3320
2,0.4400000000000002,3350
2,0.45000000000000023,3380
2,0.46000000000000024,3410
2,0.47000000000000025,3440
2,0.48000000000000026,3470
2,0.49000000000000027,3500
2,0.5000000000000002,3530
2,0.5100000000000002,3560
2,0.5200000000000002,3590
2,0.5300000000000002,3620
2,0.5400000000000003,3650
2,0.5500000000000003,3680
2,0.5600000000000003,3710
2,0.5700000000000003,3740
2,0.5800000000000003,3770
2,0.5900000000000003,3800
2,0.6000000000000003,3830
2,0.6100000000000003,3860
2,0.6200000000000003,3890
2,0.6300000000000003,3920
2,0.6400000000000003,3950
2,0.6500000000000004,3980
2,0.6600000000000004,4010
2,0.6700000000000004,4040
2,0.6800000000000004,4070
2,0.6900000000000004,4100
2,0.7000000000000004,4130
2,0.7100000000000004,4160
2,0.7200000000000004,4190
2,0.7300000000000004,4220
2,0.7400000000000004,4250
2,0.7500000000000004,4280
2,0.7600000000000005,4310
2,0.7700000000000005,4340
2,0.7800000000000005,4370
2,0.7900000000000005,4400
2,0.8000000000000005,4430
2,0.8100000000000005,4460
2,0.8200000000000005,4490
2,0.8300000000000005,4520
2,0.8400000000000005,4550
2,0.8500000000000005,4580
2,0.8600000000000005,4610
2,0.8700000000000006,4640
2,0.8800000000000006,4670
2,0.8900000000000006,4700
2,0.9000000000000006,4730
2,0.9100000000000006,4760
2,0.9200000000000006,4790
2,0.9300000000000006,4820
2,0.9400000000000006,4850
2,0.9500000000000006,4880
2,0.9600000000000006,4910
2,0.9700000000000006,4940
2,0.9800000000000006,4970
2,0.9900000000000007,5000
3,0.0,5040
3,0.01,5080
3,0.02,5120
3,0.03,5160
3,0.04,5200
3,0.05,5240
3,0.060000000000000005,5280
3,0.07,5320
3,0.08,5360
3,0.09,5400
3,0.09999999999999999,5440
3,0.10999999999999999,5480
3,0.11999999999999998,5520
3,0.12999999999999998,5560
3,0.13999999999999999,5600
3,0.15,5640
3,0.16,5680
3,0.17,5720
3,0.18000000000000002,5760
3,0.19000000000000003,5800
3,0.20000000000000004,5840
3,0.21000000000000005,5880
3,0.22000000000000006,5920
3,0.23000000000000007,5960
3,0.24000000000000007,6000
3,0.25000000000000006,6040
3,0.26000000000000006,6080
3,0.2700000000000001,6120
3,0.2800000000000001,6160
3,0.2900000000000001,6200
3,0.3000000000000001,6240
3,0.3100000000000001,6280
3,0.3200000000000001,6320
3,0.3300000000000001,6360
3,0.34000000000000014,6400
3,0.35000000000000014,6440
3,0.36000000000000015,6480
3,0.37000000000000016,6520
3,0.38000000000000017,6560
3,0.3900000000000002,6600
3,0.4000000000000002,6640
3,0.4100000000000002,6680
3,0.4200000000000002,6720
3,0.4300000000000002,6760
3,0.4400000000000002,6800
3,0.45000000000000023,6840
3,0.46000000000000024,6880
3,0.47000000000000025,6920
3,0.48000000000000026,6960
3,0.49000000000000027,7000
3,0.5000000000000002,7040
3,0.5100000000000002,7080
3,0.5200000000000002,7120
3,0.5300000000000002,7160
3,0.5400000000000003,7200
3,0.5500000000000003,7240
3,0.5600000000000003,7280
3,0.5700000000000003,7320
3,0.5800000000000003,7360
3,0.5900000000000003,7400
3,0.6000000000000003,7440
3,0.6100000000000003,7480
3,0.6200000000000003,7520
3,0.6300000000000003,7560
3,0.6400000000000003,7600
3,0.6500000000000004,7640
3,0.6600000000000004,7680
3,0.6700000000000004,7720
3,0.6800000000000004,7760
3,0.6900000000000004,7800
3,0.7000000000000004,7840
3,0.7100000000000004,7880
3,0.7200000000000004,7920
3,0.7300000000000004,7960
3,0.7400000000000004,8000
3,0.7500000000000004,8040
3,0.7600000000000005,8080
3,0.7700000000000005,8120
3,0.7800000000000005,8160
3,0.7900000000000005,8200
3,0.8000000000000005,8240
3,0.8100000000000005,8280
3,0.8200000000000005,8320
3,0.8300000000000005,8360
3,0.8400000000000005,8400
3,0.8500000000000005,8440
3,0.8600000000000005,8480
3,0.8700000000000006,8520
3,0.8800000000000006,8560
3,0.8900000000000006,8600
3,0.9000000000000006,8640
3,0.9100000000000006,8680
3,0.9200000000000006,8720
3,0.9300000000000006,8760
3,0.9400000000000006,8800
3,0.9500000000000006,8840
3,0.9600000000000006,8880
3,0.9700000000000006,8920
3,0.9800000000000006,8960
3,0.9900000000000007,9000
4,0.0,9050
4,0.01,9100
4,0.02,9150
4,0.03,9200
4,0.04,9250
4,0.05,9300
4,0.060000000000000005,9350
4,0.07,9400
4,0.08,9450
4,0.09,9500
4,0.09999999999999999,9550
4,0.10999999999999999,9600
4,0.11999999999999998,9650
4,0.12999999999999998,9700
4,0.13999999999999999,9750
4,0.15,9800
4,0.16,9850
4,0.17,9900
4,0.18000000000000002,9950
4,0.19000000000000003,10000
4,0.20000000000000004,10050
4,0.21000000000000005,10100
4,0.22000000000000006,10150
4,0.23000000000000007,10200
4,0.24000000000000007,10250
4,0.25000000000000006,10300
4,0.26000000000000006,10350
4,0.2700000000000001,10400
4,0.2800000000000001,10450
4,0.2900000000000001,10500
4,0.3000000000000001,10550
4,0.3100000000000001,10600
4,0.3200000000000001,10650
4,0.3300000000000001,10700
4,0.34000000000000014,10750
4,0.35000000000000014,10800
4,0.36000000000000015,10850
4,0.37000000000000016,10900
4,0.38000000000000017,10950
4,0.3900000000000002,11000
4,0.4000000000000002,11050
4,0.4100000000000002,11100
4,0.4200000000000002,11150
4,0.4300000000000002,11200
4,0.4400000000000002,11250
4,0.45000000000000023,11300
4,0.46000000000000024,11350
4,0.47000000000000025,11400
4,0.48000000000000026,11450
4,0.49000000000000027,11500
4,0.5000000000000002,11550
4,0.5100000000000002,11600
4,0.5200000000000002,11650
4,0.5300000000000002,11700
4,0.5400000000000003,11750
4,0.5500000000000003,11800
4,0.5600000000000003,11850
4,0.5700000000000003,11900
4,0.5800000000000003,11950
4,0.5900000000000003,12000
4,0.6000000000000003,12050
4,0.6100000000000003,12100
4,0.6200000000000003,12150
4,0.6300000000000003,12200
4,0.6400000000000003,12250
4,0.6500000000000004,12300
4,0.6600000000000004,12350
4,0.6700000000000004,12400
4,0.6800000000000004,12450
4,0.6900000000000004,12500
4,0.7000000000000004,12550
4,0.7100000000000004,12600
4,0.7200000000000004,12650
4,0.7300000000000004,12700
4,0.7400000000000004,12750
4,0.7500000000000004,12800
4,0.7600000000000005,12850
4,0.7700000000000005,12900
4,0.7800000000000005,12950
4,0.7900000000000005,13000
4,0.8000000000000005,13050
4,0.8100000000000005,13100
4,0.8200000000000005,13150
4,0.8300000000000005,13200
4,0.8400000000000005,13250
4,0.8500000000000005,13300
4,0.8600000000000005,13350
4,0.8700000000000006,13400
4,0.8800000000000006,13450
4,0.8900000000000006,13500
4,0.9000000000000006,13550
4,0.9100000000000006,13600
4,0.9200000000000006,13650
4,0.9300000000000006,13700
4,0.9400000000000006,13750
4,0.9500000000000006,13800
4,0.9600000000000006,13850
4,0.9700000000000006,13900
4,0.9800000000000006,13950
4,0.9900000000000007,14000
5,0.0,14060
5,0.01,14120
5,0.02,14180
5,0.03,14240
5,0.04,14300
5,0.05,14360
5,0.060000000000000005,14420
5,0.07,14480
5,0.08,14540
5,0.09,14600
5,0.09999999999999999,14660
5,0.10999999999999999,14720
5,0.11999999999999998,14780
5,0.12999999999999998,14840
5,0.13999999999999999,14900
5,0.15,14960
5,0.16,15020
5,0.17,15080
5,0.18000000000000002,15140
5,0.19000000000000003,15200
5,0.20000000000000004,15260
5,0.21000000000000005,15320
5,0.22000000000000006,15380
5,0.23000000000000007,15440
5,0.24000000000000007,15500
5,0.25000000000000006,15560
5,0.26000000000000006,15620
5,0.2700000000000001,15680
5,0.2800000000000001,15740
5,0.2900000000000001,15800
5,0.3000000000000001,15860
5,0.3100000000000001,15920
5,0.3200000000000001,15980
5,0.3300000000000001,16040
5,0.34000000000000014,16100
5,0.35000000000000014,16160
5,0.36000000000000015,16220
5,0.37000000000000016,16280
5,0.38000000000000017,16340
5,0.3900000000000002,16400
5,0.4000000000000002,16460
5,0.4100000000000002,16520
5,0.4200000000000002,16580
5,0.4300000000000002,16640
5,0.4400000000000002,16700
5,0.45000000000000023,16760
5,0.46000000000000024,16820
5,0.47000000000000025,16880
5,0.48000000000000026,16940
5,0.49000000000000027,17000
5,0.5000000000000002,17060
5,0.5100000000000002,17120
5,0.5200000000000002,17180
5,0.5300000000000002,17240
5,0.5400000000000003,17300
5,0.5500000000000003,17360
5,0.5600000000000003,17420
5,0.5700000000000003,17480
5,0.5800000000000003,17540
5,0.5900000000000003,17600
5,0.6000000000000003,17660
5,0.6100000000000003,17720
5,0.6200000000000003,17780
5,0.6300000000000003,17840
5,0.6400000000000003,17900
5,0.6500000000000004,17960
5,0.6600000000000004,18020
5,0.6700000000000004,18080
5,0.6800000000000004,18140
5,0.6900000000000004,18200
5,0.7000000000000004,18260
5,0.7100000000000004,18320
5,0.7200000000000004,18380
5,0.7300000000000004,18440
5,0.7400000000000004,18500
5,0.7500000000000004,18560
5,0.7600000000000005,18620
5,0.7700000000000005,18680
5,0.7800000000000005,18740
5,0.7900000000000005,18800
5,0.8000000000000005,18860
5,0.8100000000000005,18920
5,0.8200000000000005,18980
5,0.8300000000000005,19040
5,0.8400000000000005,19100
5,0.8500000000000005,19160
5,0.8600000000000005,19220
5,0.8700000000000006,19280
5,0.8800000000000006,19340
5,0.8900000000000006,19400
5,0.9000000000000006,19460
5,0.9100000000000006,19520
5,0.9200000000000006,19580
5,0.9300000000000006,19640
5,0.9400000000000006,19700
5,0.9500000000000006,19760
5,0.9600000000000006,19820
5,0.9700000000000006,19880
5,0.9800000000000006,19940
5,0.9900000000000007,20000
6,0.0,20070
6,0.01,20140
6,0.02,20210
6,0.03,20280
6,0.04,20350
6,0.05,20420
6,0.060000000000000005,20490
6,0.07,20560
6,0.08,20630
6,0.09,20700
6,0.09999999999999999,20770
6,0.10999999999999999,20840
6,0.11999999999999998,20910
6,0.12999999999999998,20980
6,0.13999999999999999,21050
6,0.15,21120
6,0.16,21190
6,0.17,21260
6,0.18000000000000002,21330
6,0.19000000000000003,21400
6,0.20000000000000004,21470
6,0.21000000000000005,21540
6,0.22000000000000006,21610
6,0.23000000000000007,21680
6,0.24000000000000007,21750
6,0.25000000000000006,21820
6,0.26000000000000006,21890
6,0.2700000000000001,21960
6,0.2800000000000001,22030
6,0.2900000000000001,22100
6,0.3000000000000001,22170
6,0.3100000000000001,22240
6,0.3200000000000001,22310
6,0.3300000000000001,22380
6,0.34000000000000014,22450
6,0.35000000000000014,22520
6,0.36000000000000015,22590
6,0.37000000000000016,22660
6,0.38000000000000017,22730
6,0.3900000000000002,22800
6,0.4000000000000002,22870
6,0.4100000000000002,22940
6,0.4200000000000002,23010
6,0.4300000000000002,23080
6,0.4400000000000002,23150
6,0.45000000000000023,23220
6,0.46000000000000024,23290
6,0.47000000000000025,23360
6,0.48000000000000026,23430
6,0.49000000000000027,23500
6,0.5000000000000002,23570
6,0.5100000000000002,23640
6,0.5200000000000002,23710
6,0.5300000000000002,23780
6,0.5400000000000003,23850
6,0.5500000000000003,23920
6,0.5600000000000003,23990
6,0.5700000000000003,24060
6,0.5800000000000003,24130
6,0.5900000000000003,24200
6,0.6000000000000003,24270
6,0.6100000000000003,24340
6,0.6200000000000003,24410
6,0.6300000000000003,24480
6,0.6400000000000003,24550
6,0.6500000000000004,24620
6,0.6600000000000004,24690
6,0.6700000000000004,24760
6,0.6800000000000004,24830
6,0.6900000000000004,24900
6,0.7000000000000004,24970
6,0.7100000000000004,25040
6,0.7200000000000004,25110
6,0.7300000000000004,25180
6,0.7400000000000004,25250
6,0.7500000000000004,25320
6,0.7600000000000005,25390
6,0.7700000000000005,25460
6,0.7800000000000005,25530
6,0.7900000000000005,25600
6,0.8000000000000005,25670
6,0.8100000000000005,25740
6,0.8200000000000005,25810
6,0.8300000000000005,25880
6,0.8400000000000005,25950
6,0.8500000000000005,26020
6,0.8600000000000005,26090
6,0.8700000000000006,26160
6,0.8800000000000006,26230
6,0.8900000000000006,26300
6,0.9000000000000006,26370
6,0.9100000000000006,26440
6,0.9200000000000006,26510
6,0.9300000000000006,26580
6,0.9400000000000006,26650
6,0.9500000000000006,26720
6,0.9600000000000006,26790
6,0.9700000000000006,26860
6,0.9800000000000006,26930
6,0.9900000000000007,27000
7,0.0,27080
7,0.01,27160
7,0.02,27240
7,0.03,27320
7,0.04,27400
7,0.05,27480
7,0.060000000000000005,27560
7,0.07,27640
7,0.08,27720
7,0.09,27800
7,0.09999999999999999,27880
7,0.10999999999999999,27960
7,0.11999999999999998,28040
7,0.12999999999999998,28120
7,0.13999999999999999,28200
7,0.15,28280
7,0.16,28360
7,0.17,28440
7,0.18000000000000002,28520
7,0.19000000000000003,28600
7,0.20000000000000004,28680
7,0.21000000000000005,28760
7,0.22000000000000006,28840
7,0.23000000000000007,28920
7,0.24000000000000007,29000
7,0.25000000000000006,29080
7,0.26000000000000006,29160
7,0.2700000000000001,29240
7,0.2800000000000001,29320
7,0.2900000000000001,29400
7,0.3000000000000001,29480
7,0.3100000000000001,29560
7,0.3200000000000001,29640
7,0.3300000000000001,29720
7,0.34000000000000014,29800
7,0.35000000000000014,29880
7,0.36000000000000015,29960
7,0.37000000000000016,30040
7,0.38000000000000017,30120
7,0.3900000000000002,30200
7,0.4000000000000002,30280
7,0.4100000000000002,30360
7,0.4200000000000002,30440
7,0.4300000000000002,30520
7,0.4400000000000002,30600
7,0.45000000000000023,30680
7,0.46000000000000024,30760
7,0.47000000000000025,30840
7,0.48000000000000026,30920
7,0.49000000000000027,31000
7,0.5000000000000002,31080
7,0.5100000000000002,31160
7,0.5200000000000002,31240
7,0.5300000000000002,31320
7,0.5400000000000003,31400
7,0.5500000000000003,31480
7,0.5600000000000003,31560
7,0.5700000000000003,31640
7,0.5800000000000003,31720
7,0.5900000000000003,31800
7,0.6000000000000003,31880
7,0.6100000000000003,31960
7,0.6200000000000003,32040
7,0.6300000000000003,32120
7,0.6400000000000003,32200
7,0.6500000000000004,32280
7,0.6600000000000004,32360
7,0.6700000000000004,32440
7,0.6800000000000004,32520
7,0.6900000000000004,32600
7,0.7000000000000004,32680
7,0.7100000000000004,32760
7,0.7200000000000004,32840
7,0.7300000000000004,32920
7,0.7400000000000004,33000
7,0.7500000000000004,33080
7,0.7600000000000005,33160
7,0.7700000000000005,33240
7,0.7800000000000005,33320
7,0.7900000000000005,33400
7,0.8000000000000005,33480
7,0.8100000000000005,33560
7,0.8200000000000005,33640
7,0.8300000000000005,33720
7,0.8400000000000005,33800
7,0.8500000000000005,33880
7,0.8600000000000005,33960
7,0.8700000000000006,34040
7,0.8800000000000006,34120
7,0.8900000000000006,34200
7,0.9000000000000006,34280
7,0.9100000000000006,34360
7,0.9200000000000006,34440
7,0.9300000000000006,34520
7,0.9400000000000006,34600
7,0.9500000000000006,34680
7,0.9600000000000006,34760
7,0.9700000000000006,34840
7,0.9800000000000006,34920
7,0.9900000000000007,35000
8,0.0,35090
8,0.01,35180
8,0.02,35270
8,0.03,35360
8,0.04,35450
8,0.05,35540
8,0.060000000000000005,35630
8,0.07,35720
8,0.08,35810
8,0.09,35900
8,0.09999999999999999,35990
8,0.10999999999999999,36080
8,0.11999999999999998,36170
8,0.12999999999999998,36260
8,0.13999999999999999,36350
8,0.15,36440
8,0.16,36530
8,0.17,36620
8,0.18000000000000002,36710
8,0.19000000000000003,36800
8,0.20000000000000004,36890
8,0.21000000000000005,36980
8,0.22000000000000006,37070
8,0.23000000000000007,37160
8,0.24000000000000007,37250
8,0.25000000000000006,37340
8,0.26000000000000006,37430
8,0.2700000000000001,37520
8,0.2800000000000001,37610
8,0.2900000000000001,37700
8,0.3000000000000001,37790
8,0.3100000000000001,37880
8,0.3200000000000001,37970
8,0.3300000000000001,38060
8,0.34000000000000014,38150
8,0.35000000000000014,38240
8,0.36000000000000015,38330
8,0.37000000000000016,38420
8,0.38000000000000017,38510
8,0.3900000000000002,38600
8,0.4000000000000002,38690
8,0.4100000000000002,38780
8,0.4200000000000002,38870
8,0.4300000000000002,38960
8,0.4400000000000002,39050
8,0.45000000000000023,39140
8,0.46000000000000024,39230
8,0.47000000000000025,39320
8,0.48000000000000026,39410
8,0.49000000000000027,39500
8,0.5000000000000002,39590
8,0.5100000000000002,39680
8,0.5200000000000002,39770
8,0.5300000000000002,39860
8,0.5400000000000003,39950
8,0.5500000000000003,40040
8,0.5600000000000003,40130
8,0.5700000000000003,40220
8,0.5800000000000003,40310
8,0.5900000000000003,40400
8,0.6000000000000003,40490
8,0.6100000000000003,40580
8,0.6200000000000003,40670
8,0.6300000000000003,40760
8,0.6400000000000003,40850
8,0.6500000000000004,40940
8,0.6600000000000004,41030
8,0.6700000000000004,41120
8,0.6800000000000004,41210
8,0.6900000000000004,41300
8,0.7000000000000004,41390
8,0.7100000000000004,41480
8,0.7200000000000004,41570
8,0.7300000000000004,41660
8,0.7400000000000004,41750
8,0.7500000000000004,41840
8,0.7600000000000005,41930
8,0.7700000000000005,42020
8,0.7800000000000005,42110
8,0.7900000000000005,42200
8,0.8000000000000005,42290
8,0.8100000000000005,42380
8,0.8200000000000005,42470
8,0.8300000000000005,42560
8,0.8400000000000005,42650
8,0.8500000000000005,42740
8,0.8600000000000005,42830
8,0.8700000000000006,42920
8,0.8800000000000006,43010
8,0.8900000000000006,43100
8,0.9000000000000006,43190
8,0.9100000000000006,43280
8,0.9200000000000006,43370
8,0.9300000000000006,43460
8,0.9400000000000006,43550
8,0.9500000000000006,43640
8,0.9600000000000006,43730
8,0.9700000000000006,43820
8,0.9800000000000006,43910
8,0.9900000000000007,44000
9,0.0,44100
9,0.01,44200
9,0.02,44300
9,0.03,44400
9,0.04,44500
9,0.05,44600
9,0.060000000000000005,44700
9,0.07,44800
9,0.08,44900
9,0.09,45000
9,0.09999999999999999,45100
9,0.10999999999999999,45200
9,0.11999999999999998,45300
9,0.12999999999999998,45400
9,0.13999999999999999,45500
9,0.15,45600
9,0.16,45700
9,0.17,45800
9,0.18000000000000002,45900
9,0.19000000000000003,46000
9,0.20000000000000004,46100
9,0.21000000000000005,46200
9,0.22000000000000006,46300
9,0.23000000000000007,46400
9,0.24000000000000007,46500
9,0.25000000000000006,46600
9,0.26000000000000006,46700
9,0.2700000000000001,46800
9,0.2800000000000001,46900
9,0.2900000000000001,47000
9,0.3000000000000001,47100
9,0.3100000000000001,47200
9,0.3200000000000001,47300
9,0.3300000000000001,47400
9,0.34000000000000014,47500
9,0.35000000000000014,47600
9,0.36000000000000015,47700
9,0.37000000000000016,47800
9,0.38000000000000017,47900
9,0.3900000000000002,48000
9,0.4000000000000002,48100
9,0.4100000000000002,48200
9,0.4200000000000002,48300
9,0.4300000000000002,48400
9,0.4400000000000002,48500
9,0.45000000000000023,48600
9,0.46000000000000024,48700
9,0.47000000000000025,48800
9,0.48000000000000026,48900
9,0.49000000000000027,49000
9,0.5000000000000002,49100
9,0.5100000000000002,49200
9,0.5200000000000002,49300
9,0.5300000000000002,49400
9,0.5400000000000003,49500
9,0.5500000000000003,49600
9,0.5600000000000003,49700
9,0.5700000000000003,49800
9,0.5800000000000003,49900
9,0.5900000000000003,50000
9,0.6000000000000003,50100
9,0.6100000000000003,50200
9,0.6200000000000003,50300
9,0.6300000000000003,50400
9,0.6400000000000003,50500
9,0.6500000000000004,50600
9,0.6600000000000004,50700
9,0.6700000000000004,50800
9,0.6800000000000004,50900
9,0.6900000000000004,51000
9,0.7000000000000004,51100
9,0.7100000000000004,51200
9,0.7200000000000004,51300
9,0.7300000000000004,51400
9,0.7400000000000004,51500
9,0.7500000000000004,51600
9,0.7600000000000005,51700
9,0.7700000000000005,51800
9,0.7800000000000005,51900
9,0.7900000000000005,52000
9,0.8000000000000005,52100
9,0.8100000000000005,52200
9,0.8200000000000005,52300
9,0.8300000000000005,52400
9,0.8400000000000005,52500
9,0.8500000000000005,52600
9,0.8600000000000005,52700
9,0.8700000000000006,52800
9,0.8800000000000006,52900
9,0.8900000000000006,53000
9,0.9000000000000006,53100
9,0.9100000000000006,53200
9,0.9200000000000006,53300
9,0.9300000000000006,53400
9,0.9400000000000006,53500
9,0.9500000000000006,53600
9,0.9600000000000006,53700
9,0.9700000000000006,53800
9,0.9800000000000006,53900
9,0.9900000000000007,54000
10,0.0,54110
10,0.01,54220
10,0.02,54330
10,0.03,54440
10,0.04,54550
10,0.05,54660
10,0.060000000000000005,54770
10,0.07,54880
10,0.08,54990
10,0.09,55100
10,0.09999999999999999,55210
10,0.10999999999999999,55320
10,0.11999999999999998,55430
10,0.12999999999999998,55540
10,0.13999999999999999,55650
10,0.15,55760
10,0.16,55870
10,0.17,55980
10,0.18000000000000002,56090
10,0.19000000000000003,56200
10,0.20000000000000004,56310
10,0.21000000000000005,56420
10,0.22000000000000006,56530
10,0.23000000000000007,56640
10,0.24000000000000007,56750
10,0.25000000000000006,56860
10,0.26000000000000006,56970
10,0.2700000000000001,57080
10,0.2800000000000001,57190
10,0.2900000000000001,57300
10,0.3000000000000001,57410
10,0.3100000000000001,57520
10,0.3200000000000001,57630
10,0.3300000000000001,57740
10,0.34000000000000014,57850
10,0.35000000000000014,57960
10,0.36000000000000015,58070
10,0.37000000000000016,58180
10,0.38000000000000017,58290
10,0.3900000000000002,58400
10,0.4000000000000002,58510
10,0.4100000000000002,58620
10,0.4200000000000002,58730
10,0.4300000000000002,58840
10,0.4400000000000002,58950
10,0.45000000000000023,59060
10,0.46000000000000024,59170
10,0.47000000000000025,59280
10,0.48000000000000026,59390
10,0.49000000000000027,59500
10,0.5000000000000002,59610
10,0.5100000000000002,59720
10,0.5200000000000002,59830
10,0.5300000000000002,59940
10,0.5400000000000003,60050
10,0.5500000000000003,60160
10,0.5600000000000003,60270
10,0.5700000000000003,60380
10,0.5800000000000003,60490
10,0.5900000000000003,60600
10,0.6000000000000003,60710
10,0.6100000000000003,60820
10,0.6200000000000003,60930
10,0.6300000000000003,61040
10,0.6400000000000003,61150
10,0.6500000000000004,61260
10,0.6600000000000004,61370
10,0.6700000000000004,61480
10,0.6800000000000004,61590
10,0.6900000000000004,61700
10,0.7000000000000004,61810
10,0.7100000000000004,61920
10,0.7200000000000004,62030
10,0.7300000000000004,62140
10,0.7400000000000004,62250
10,0.7500000000000004,62360
10,0.7600000000000005,62470
10,0.7700000000000005,62580
10,0.7800000000000005,62690
10,0.7900000000000005,62800
10,0.8000000000000005,62910
10,0.8100000000000005,63020
10,0.8200000000000005,63130
10,0.8300000000000005,63240
10,0.8400000000000005,63350
10,0.8500000000000005,63460
10,0.8600000000000005,63570
10,0.8700000000000006,63680
10,0.8800000000000006,63790
10,0.8900000000000006,63900
10,0.9000000000000006,64010
10,0.9100000000000006,64120
10,0.9200000000000006,64230
10,0.9300000000000006,64340
10,0.9400000000000006,64450
10,0.9500000000000006,64560
10,0.9600000000000006,64670
10,0.9700000000000006,64780
10,0.9800000000000006,64890
10,0.9900000000000007,65000
11,0.0,65120
11,0.01,65240
11,0.02,65360
11,0.03,65480
11,0.04,65600
11,0.05,65720
11,0.060000000000000005,65840
11,0.07,65960
11,0.08,66080
11,0.09,66200
11,0.09999999999999999,66320
11,0.10999999999999999,66440
11,0.11999999999999998,66560
11,0.12999999999999998,66680
11,0.13999999999999999,66800
11,0.15,66920
11,0.16,67040
11,0.17,67160
11,0.18000000000000002,67280
11,0.19000000000000003,67400
11,0.20000000000000004,67520
11,0.21000000000000005,67640
11,0.22000000000000006,67760
11,0.23000000000000007,67880
11,0.24000000000000007,68000
11,0.25000000000000006,68120
11,0.26000000000000006,68240
11,0.2700000000000001,68360
11,0.2800000000000001,68480
11,0.2900000000000001,68600
11,0.3000000000000001,68720
11,0.3100000000000001,68840
11,0.3200000000000001,68960
11,0.3300000000000001,69080
11,0.34000000000000014,69200
11,0.35000000000000014,69320
11,0.36000000000000015,69440
11,0.37000000000000016,69560
11,0.38000000000000017,69680
11,0.3900000000000002,69800
11,0.4000000000000002,69920
11,0.4100000000000002,70040
11,0.4200000000000002,70160
11,0.4300000000000002,70280
11,0.4400000000000002,70400
11,0.45000000000000023,70520
11,0.46000000000000024,70640
11,0.47000000000000025,70760
11,0.48000000000000026,70880
11,0.49000000000000027,71000
11,0.5000000000000002,71120
11,0.5100000000000002,71240
11,0.5200000000000002,71360
11,0.5300000000000002,71480
11,0.5400000000000003,71600
11,0.5500000000000003,71720
11,0.5600000000000003,71840
11,0.5700000000000003,71960
11,0.5800000000000003,72080
11,0.5900000000000003,72200
11,0.6000000000000003,72320
11,0.6100000000000003,72440
11,0.6200000000000003,72560
11,0.6300000000000003,72680
11,0.6400000000000003,72800
11,0.6500000000000004,72920
11,0.6600000000000004,73040
11,0.6700000000000004,73160
11,0.6800000000000004,73280
11,0.6900000000000004,73400
11,0.7000000000000004,73520
11,0.7100000000000004,73640
11,0.7200000000000004,73760
11,0.7300000000000004,73880
11,0.7400000000000004,74000
11,0.7500000000000004,74120
11,0.7600000000000005,74240
11,0.7700000000000005,74360
11,0.7800000000000005,74480
11,0.7900000000000005,74600
11,0.8000000000000005,74720
11,0.8100000000000005,74840
11,0.8200000000000005,74960
11,0.8300000000000005,75080
11,0.8400000000000005,75200
11,0.8500000000000005,75320
11,0.8600000000000005,75440
11,0.8700000000000006,75560
11,0.8800000000000006,75680
11,0.8900000000000006,75800
11,0.9000000000000006,75920
11,0.9100000000000006,76040
11,0.9200000000000006,76160
11,0.9300000000000006,76280
11,0.9400000000000006,76400
11,0.9500000000000006,76520
11,0.9600000000000006,76640
11,0.9700000000000006,76760
11,0.9800000000000006,76880
11,0.9900000000000007,77000
12,0.0,77130
12,0.01,77260
12,0.02,77390
12,0.03,77520
12,0.04,77650
12,0.05,77780
12,0.060000000000000005,77910
12,0.07,78040
12,0.08,78170
12,0.09,78300
12,0.09999999999999999,78430
12,0.10999999999999999,78560
12,0.11999999999999998,78690
12,0.12999999999999998,78820
12,0.13999999999999999,78950
12,0.15,79080
12,0.16,79210
12,0.17,79340
12,0.18000000000000002,79470
12,0.19000000000000003,79600
12,0.20000000000000004,79730
12,0.21000000000000005,79860
12,0.22000000000000006,79990
12,0.23000000000000007,80120
12,0.24000000000000007,80250
12,0.25000000000000006,80380
12,0.26000000000000006,80510
12,0.2700000000000001,80640
12,0.2800000000000001,80770
12,0.2900000000000001,80900
12,0.3000000000000001,81030
12,0.3100000000000001,81160
12,0.3200000000000001,81290
12,0.3300000000000001,81420
12,0.34000000000000014,81550
12,0.35000000000000014,81680
12,0.36000000000000015,81810
12,0.37000000000000016,81940
12,0.38000000000000017,82070
12,0.3900000000000002,82200
12,0.4000000000000002,82330
12,0.4100000000000002,82460
12,0.4200000000000002,82590
12,0.4300000000000002,82720
12,0.4400000000000002,82850
12,0.45000000000000023,82980
12,0.46000000000000024,83110
12,0.47000000000000025,83240
12,0.48000000000000026,83370
12,0.49000000000000027,83500
12,0.5000000000000002,83630
12,0.5100000000000002,83760
12,0.5200000000000002,83890
12,0.5300000000000002,84020
12,0.5400000000000003,84150
12,0.5500000000000003,84280
12,0.5600000000000003,84410
12,0.5700000000000003,84540
12,0.5800000000000003,84670
12,0.5900000000000003,84800
12,0.6000000000000003,84930
12,0.6100000000000003,85060
12,0.6200000000000003,85190
12,0.6300000000000003,85320
12,0.6400000000000003,85450
12,0.6500000000000004,85580
12,0.6600000000000004,85710
12,0.6700000000000004,85840
12,0.6800000000000004,85970
12,0.6900000000000004,86100
12,0.7000000000000004,86230
12,0.7100000000000004,86360
12,0.7200000000000004,86490
12,0.7300000000000004,86620
12,0.7400000000000004,86750
12,0.7500000000000004,86880
12,0.7600000000000005,87010
12,0.7700000000000005,87140
12,0.7800000000000005,87270
12,0.7900000000000005,87400
12,0.8000000000000005,87530
12,0.8100000000000005,87660
12,0.8200000000000005,87790
12,0.8300000000000005,87920
12,0.8400000000000005,88050
12,0.8500000000000005,88180
12,0.8600000000000005,88310
12,0.8700000000000006,88440
12,0.8800000000000006,88570
12,0.8900000000000006,88700
12,0.9000000000000006,88830
12,0.9100000000000006,88960
12,0.9200000000000006,89090
12,0.9300000000000006,89220
12,0.9400000000000006,89350
12,0.9500000000000006,89480
12,0.9600000000000006,89610
12,0.9700000000000006,89740
12,0.9800000000000006,89870
12,0.9900000000000007,90000
13,0.0,90140
13,0.01,90280
13,0.02,90420
13,0.03,90560
13,0.04,90700
13,0.05,90840
13,0.060000000000000005,90980
13,0.07,91120
13,0.08,91260
13,0.09,91400
13,0.09999999999999999,91540
13,0.10999999999999999,91680
13,0.11999999999999998,91820
13,0.12999999999999998,91960
13,0.13999999999999999,92100
13,0.15,92240
13,0.16,92380
13,0.17,92520
13,0.18000000000000002,92660
13,0.19000000000000003,92800
13,0.20000000000000004,92940
13,0.21000000000000005,93080
13,0.22000000000000006,93220
13,0.23000000000000007,93360
13,0.24000000000000007,93500
13,0.25000000000000006,93640
13,0.26000000000000006,93780
13,0.2700000000000001,93920
13,0.2800000000000001,94060
13,0.2900000000000001,94200
13,0.3000000000000001,94340
13,0.3100000000000001,94480
13,0.3200000000000001,94620
13,0.3300000000000001,94760
13,0.34000000000000014,94900
13,0.35000000000000014,95040
13,0.36000000000000015,95180
13,0.37000000000000016,95320
13,0.38000000000000017,95460
13,0.3900000000000002,95600
13,0.4000000000000002,95740
13,0.4100000000000002,95880
13,0.4200000000000002,96020
13,0.4300000000000002,96160
13,0.4400000000000002,96300
13,0.45000000000000023,96440
13,0.46000000000000024,96580
13,0.47000000000000025,96720
13,0.48000000000000026,96860
13,0.49000000000000027,97000
13,0.5000000000000002,97140
13,0.5100000000000002,97280
13,0.5200000000000002,97420
13,0.5300000000000002,97560
13,0.5400000000000003,97700
13,0.5500000000000003,97840
13,0.5600000000000003,97980
13,0.5700000000000003,98120
13,0.5800000000000003,98260
13,0.5900000000000003,98400
13,0.6000000000000003,98540
13,0.6100000000000003,98680
13,0.6200000000000003,98820
13,0.6300000000000003,98960
13,0.6400000000000003,99100
13,0.6500000000000004,99240
13,0.6600000000000004,99380
13,0.6700000000000004,99520
13,0.6800000000000004,99660
13,0.6900000000000004,99800
13,0.7000000000000004,99940
13,0.7100000000000004,100080
13,0.7200000000000004,100220
13,0.7300000000000004,100360
13,0.7400000000000004,100500
13,0.7500000000000004,100640
13,0.7600000000000005,100780
13,0.7700000000000005,100920
13,0.7800000000000005,101060
13,0.7900000000000005,101200
13,0.8000000000000005,101340
13,0.8100000000000005,101480
13,0.8200000000000005,101620
13,0.8300000000000005,101760
13,0.8400000000000005,101900
13,0.8500000000000005,102040
13,0.8600000000000005,102180
13,0.8700000000000006,102320
13,0.8800000000000006,102460
13,0.8900000000000006,102600
13,0.9000000000000006,102740
13,0.9100000000000006,102880
13,0.9200000000000006,103020
13,0.9300000000000006,103160
13,0.9400000000000006,103300
13,0.9500000000000006,103440
13,0.9600000000000006,103580
13,0.9700000000000006,103720
13,0.9800000000000006,103860
13,0.9900000000000007,104000
14,0.0,104150
14,0.01,104300
14,0.02,104450
14,0.03,104600
14,0.04,104750
14,0.05,104900
14,0.060000000000000005,105050
14,0.07,105200
14,0.08,105350
14,0.09,105500
14,0.09999999999999999,105650
14,0.10999999999999999,105800
14,0.11999999999999998,105950
14,0.12999999999999998,106100
14,0.13999999999999999,106250
14,0.15,106400
14,0.16,106550
14,0.17,106700
14,0.18000000000000002,106850
14,0.19000000000000003,107000
14,0.20000000000000004,107150
14,0.21000000000000005,107300
14,0.22000000000000006,107450
14,0.23000000000000007,107600
14,0.24000000000000007,107750
14,0.25000000000000006,107900
14,0.26000000000000006,108050
14,0.2700000000000001,108200
14,0.2800000000000001,108350
14,0.2900000000000001,108500
14,0.3000000000000001,108650
14,0.3100000000000001,108800
14,0.3200000000000001,108950
14,0.3300000000000001,109100
14,0.34000000000000014,109250
14,0.35000000000000014,109400
14,0.36000000000000015,109550
14,0.37000000000000016,109700
14,0.38000000000000017,109850
14,0.3900000000000002,110000
14,0.4000000000000002,110150
14,0.4100000000000002,110300
14,0.4200000000000002,110450
14,0.4300000000000002,110600
14,0.4400000000000002,110750
14,0.45000000000000023,110900
14,0.46000000000000024,111050
14,0.47000000000000025,111200
14,0.48000000000000026,111350
14,0.49000000000000027,111500
14,0.5000000000000002,111650
14,0.5100000000000002,111800
14,0.5200000000000002,111950
14,0.5300000000000002,112100
14,0.5400000000000003,112250
14,0.5500000000000003,112400
14,0.5600000000000003,112550
14,0.5700000000000003,112700
14,0.5800000000000003,112850
14,0.5900000000000003,113000
14,0.6000000000000003,113150
14,0.6100000000000003,113300
14,0.6200000000000003,113450
14,0.6300000000000003,113600
14,0.6400000000000003,113750
14,0.6500000000000004,113900
14,0.6600000000000004,114050
14,0.6700000000000004,114200
14,0.6800000000000004,114350
14,0.6900000000000004,114500
14,0.7000000000000004,114650
14,0.7100000000000004,114800
14,0.7200000000000004,114950
14,0.7300000000000004,115100
14,0.7400000000000004,115250
14,0.7500000000000004,115400
14,0.7600000000000005,115550
14,0.7700000000000005,115700
14,0.7800000000000005,115850
14,0.7900000000000005,116000
14,0.8000000000000005,116150
14,0.8100000000000005,116300
14,0.8200000000000005,116450
14,0.8300000000000005,116600
14,0.8400000000000005,116750
14,0.8500000000000005,116900
14,0.8600000000000005,117050
14,0.8700000000000006,117200
14,0.8800000000000006,117350
14,0.8900000000000006,117500
14,0.9000000000000006,117650
14,0.9100000000000006,117800
14,0.9200000000000006,117950
14,0.9300000000000006,118100
14,0.9400000000000006,118250
14,0.9500000000000006,118400
14,0.9600000000000006,118550
14,0.9700000000000006,118700
14,0.9800000000000006,118850
14,0.9900000000000007,119000
15,0.0,119160
15,0.01,119320
15,0.02,119480
15,0.03,119640
15,0.04,119800
15,0.05,119960
15,0.060000000000000005,120120
15,0.07,120280
15,0.08,120440
15,0.09,120600
15,0.09999999999999999,120760
15,0.10999999999999999,120920
15,0.11999999999999998,121080
15,0.12999999999999998,121240
15,0.13999999999999999,121400
15,0.15,121560
15,0.16,121720
15,0.17,121880
15,0.18000000000000002,122040
15,0.19000000000000003,122200
15,0.20000000000000004,122360
15,0.21000000000000005,122520
15,0.22000000000000006,122680
15,0.23000000000000007,122840
15,0.24000000000000007,123000
15,0.25000000000000006,123160
15,0.26000000000000006,123320
15,0.2700000000000001,123480
15,0.2800000000000001,123640
15,0.2900000000000001,123800
15,0.3000000000000001,123960
15,0.3100000000000001,124120
15,0.3200000000000001,124280
15,0.3300000000000001,124440
15,0.34000000000000014,124600
15,0.35000000000000014,124760
15,0.36000000000000015,124920
15,0.37000000000000016,125080
15,0.38000000000000017,125240
15,0.3900000000000002,125400
15,0.4000000000000002,125560
15,0.4100000000000002,125720
15,0.4200000000000002,125880
15,0.4300000000000002,126040
15,0.4400000000000002,126200
15,0.45000000000000023,126360
15,0.46000000000000024,126520
15,0.47000000000000025,126680
15,0.48000000000000026,126840
15,0.49000000000000027,127000
15,0.5000000000000002,127160
15,0.5100000000000002,127320
15,0.5200000000000002,127480
15,0.5300000000000002,127640
15,0.5400000000000003,127800
15,0.5500000000000003,127960
15,0.5600000000000003,128120
15,0.5700000000000003,128280
15,0.5800000000000003,128440
15,0.5900000000000003,128600
15,0.6000000000000003,128760
15,0.6100000000000003,128920
15,0.6200000000000003,129080
15,0.6300000000000003,129240
15,0.6400000000000003,129400
15,0.6500000000000004,129560
15,0.6600000000000004,129720
15,0.6700000000000004,129880
15,0.6800000000000004,130040
15,0.6900000000000004,130200
15,0.7000000000000004,130360
15,0.7100000000000004,130520
15,0.7200000000000004,130680
15,0.7300000000000004,130840
15,0.7400000000000004,131000
15,0.7500000000000004,131160
15,0.7600000000000005,131320
15,0.7700000000000005,131480
15,0.7800000000000005,131640
15,0.7900000000000005,131800
15,0.8000000000000005,131960
15,0.8100000000000005,132120
15,0.8200000000000005,132280
15,0.8300000000000005,132440
15,0.8400000000000005,132600
15,0.8500000000000005,132760
15,0.8600000000000005,132920
15,0.8700000000000006,133080
15,0.8800000000000006,133240
15,0.8900000000000006,133400
15,0.9000000000000006,133560
15,0.9100000000000006,133720
15,0.9200000000000006,133880
15,0.9300000000000006,134040
15,0.9400000000000006,134200
15,0.9500000000000006,134360
15,0.9600000000000006,134520
15,0.9700000000000006,134680
15,0.9800000000000006,134840
15,0.9900000000000007,135000
16,0.0,135170
16,0.01,135340
16,0.02,135510
16,0.03,135680
16,0.04,135850
16,0.05,136020
16,0.060000000000000005,136190
16,0.07,136360
16,0.08,136530
16,0.09,136700
16,0.09999999999999999,136870
16,0.10999999999999999,137040
16,0.11999999999999998,137210
16,0.12999999999999998,137380
16,0.13999999999999999,137550
16,0.15,137720
16,0.16,137890
16,0.17,138060
16,0.18000000000000002,138230
16,0.19000000000000003,138400
16,0.20000000000000004,138570
16,0.21000000000000005,138740
16,0.22000000000000006,138910
16,0.23000000000000007,139080
16,0.24000000000000007,139250
16,0.25000000000000006,139420
16,0.26000000000000006,139590
16,0.2700000000000001,139760
16,0.2800000000000001,139930
16,0.2900000000000001,140100
16,0.3000000000000001,140270
16,0.3100000000000001,140440
16,0.3200000000000001,140610
16,0.3300000000000001,140780
16,0.34000000000000014,140950
16,0.35000000000000014,141120
16,0.36000000000000015,141290
16,0.37000000000000016,141460
16,0.38000000000000017,141630
16,0.3900000000000002,141800
16,0.4000000000000002,141970
16,0.4100000000000002,142140
16,0.4200000000000002,142310
16,0.4300000000000002,142480
16,0.4400000000000002,142650
16,0.45000000000000023,142820
16,0.46000000000000024,142990
16,0.47000000000000025,143160
16,0.48000000000000026,143330
16,0.49000000000000027,143500
16,0.5000000000000002,143670
16,0.5100000000000002,143840
16,0.5200000000000002,144010
16,0.5300000000000002,144180
16,0.5400000000000003,144350
16,0.5500000000000003,144520
16,0.5600000000000003,144690
16,0.5700000000000003,144860
16,0.5800000000000003,145030
16,0.5900000000000003,145200
16,0.6000000000000003,145370
16,0.6100000000000003,145540
16,0.6200000000000003,145710
16,0.6300000000000003,145880
16,0.6400000000000003,146050
16,0.6500000000000004,146220
16,0.6600000000000004,146390
16,0.6700000000000004,146560
16,0.6800000000000004,146730
16,0.6900000000000004,146900
16,0.7000000000000004,147070
16,0.7100000000000004,147240
16,0.7200000000000004,147410
16,0.7300000000000004,147580
16,0.7400000000000004,147750
16,0.7500000000000004,147920
16,0.7600000000000005,148090
16,0.7700000000000005,148260
16,0.7800000000000005,148430
16,0.7900000000000005,148600
16,0.8000000000000005,148770
16,0.8100000000000005,148940
16,0.8200000000000005,149110
16,0.8300000000000005,149280
16,0.8400000000000005,149450
16,0.8500000000000005,149620
16,0.8600000000000005,149790
16,0.8700000000000006,149960
16,0.8800000000000006,150130
16,0.8900000000000006,150300
16,0.9000000000000006,150470
16,0.9100000000000006,150640
16,0.9200000000000006,150810
16,0.9300000000000006,150980
16,0.9400000000000006,151150
16,0.9500000000000006,151320
16,0.9600000000000006,151490
16,0.9700000000000006,151660
16,0.9800000000000006,151830
16,0.9900000000000007,152000
17,0.0,152180
17,0.01,152360
17,0.02,152540
17,0.03,152720
17,0.04,152900
17,0.05,153080
17,0.060000000000000005,153260
17,0.07,153440
17,0.08,153620
17,0.09,153800
17,0.09999999999999999,153980
17,0.10999999999999999,154160
17,0.11999999999999998,154340
17,0.12999999999999998,154520
17,0.13999999999999999,154700
17,0.15,154880
17,0.16,155060
17,0.17,155240
17,0.18000000000000002,155420
17,0.19000000000000003,155600
17,0.20000000000000004,155780
17,0.21000000000000005,155960
17,0.22000000000000006,156140
17,0.23000000000000007,156320
17,0.24000000000000007,156500
17,0.25000000000000006,156680
17,0.26000000000000006,156860
17,0.2700000000000001,157040
17,0.2800000000000001,157220
17,0.2900000000000001,157400
17,0.3000000000000001,157580
17,0.3100000000000001,157760
17,0.3200000000000001,157940
17,0.3300000000000001,158120
17,0.34000000000000014,158300
17,0.35000000000000014,158480
17,0.36000000000000015,158660
17,0.37000000000000016,158840
17,0.38000000000000017,159020
17,0.3900000000000002,159200
17,0.4000000000000002,159380
17,0.4100000000000002,159560
17,0.4200000000000002,159740
17,0.4300000000000002,159920
17,0.4400000000000002,160100
17,0.45000000000000023,160280
17,0.46000000000000024,160460
17,0.47000000000000025,160640
17,0.48000000000000026,160820
17,0.49000000000000027,161000
17,0.5000000000000002,161180
17,0.5100000000000002,161360
17,0.5200000000000002,161540
17,0.5300000000000002,161720
17,0.5400000000000003,161900
17,0.5500000000000003,162080
17,0.5600000000000003,162260
17,0.5700000000000003,162440
17,0.5800000000000003,162620
17,0.5900000000000003,162800
17,0.6000000000000003,162980
17,0.6100000000000003,163160
17,0.6200000000000003,163340
17,0.6300000000000003,163520
17,0.6400000000000003,163700
17,0.6500000000000004,163880
17,0.6600000000000004,164060
17,0.6700000000000004,164240
17,0.6800000000000004,164420
17,0.6900000000000004,164600
17,0.7000000000000004,164780
17,0.7100000000000004,164960
17,0.7200000000000004,165140
17,0.7300000000000004,165320
17,0.7400000000000004,165500
17,0.7500000000000004,165680
17,0.7600000000000005,165860
17,0.7700000000000005,166040
17,0.7800000000000005,166220
17,0.7900000000000005,166400
17,0.8000000000000005,166580
17,0.8100000000000005,166760
17,0.8200000000000005,166940
17,0.8300000000000005,167120
17,0.8400000000000005,167300
17,0.8500000000000005,167480
17,0.8600000000000005,167660
17,0.8700000000000006,167840
17,0.8800000000000006,168020
17,0.8900000000000006,168200
17,0.9000000000000006,168380
17,0.9100000000000006,168560
17,0.9200000000000006,168740
17,0.9300000000000006,168920
17,0.9400000000000006,169100
17,0.9500000000000006,169280
17,0.9600000000000006,169460
17,0.9700000000000006,169640
17,0.9800000000000006,169820
17,0.9900000000000007,170000
18,0.0,170190
18,0.01,170380
18,0.02,170570
18,0.03,170760
18,0.04,170950
18,0.05,171140
18,0.060000000000000005,171330
18,0.07,171520
18,0.08,171710
18,0.09,171900
18,0.09999999999999999,172090
18,0.10999999999999999,172280
18,0.11999999999999998,172470
18,0.12999999999999998,172660
18,0.13999999999999999,172850
18,0.15,173040
18,0.16,173230
18,0.17,173420
18,0.18000000000000002,173610
18,0.19000000000000003,173800
18,0.20000000000000004,173990
18,0.21000000000000005,174180
18,0.22000000000000006,174370
18,0.23000000000000007,174560
18,0.24000000000000007,174750
18,0.25000000000000006,174940
18,0.26000000000000006,175130
18,0.2700000000000001,175320
18,0.2800000000000001,175510
18,0.2900000000000001,175700
18,0.3000000000000001,175890
18,0.3100000000000001,176080
18,0.3200000000000001,176270
18,0.3300000000000001,176460
18,0.34000000000000014,176650
18,0.35000000000000014,176840
18,0.36000000000000015,177030
18,0.37000000000000016,177220
18,0.38000000000000017,177410
18,0.3900000000000002,177600
18,0.4000000000000002,177790
18,0.4100000000000002,177980
18,0.4200000000000002,178170
18,0.4300000000000002,178360
18,0.4400000000000002,178550
18,0.45000000000000023,178740
18,0.46000000000000024,178930
18,0.47000000000000025,179120
18,0.48000000000000026,179310
18,0.49000000000000027,179500
18,0.5000000000000002,179690
18,0.5100000000000002,179880
18,0.5200000000000002,180070
18,0.5300000000000002,180260
18,0.5400000000000003,180450
18,0.5500000000000003,180640
18,0.5600000000000003,180830
18,0.5700000000000003,181020
18,0.5800000000000003,181210
18,0.5900000000000003,181400
18,0.6000000000000003,181590
18,0.6100000000000003,181780
18,0.6200000000000003,181970
18,0.6300000000000003,182160
18,0.6400000000000003,182350
18,0.6500000000000004,182540
18,0.6600000000000004,182730
18,0.6700000000000004,182920
18,0.6800000000000004,183110
18,0.6900000000000004,183300
18,0.7000000000000004,183490
18,0.7100000000000004,183680
18,0.7200000000000004,183870
18,0.7300000000000004,184060
18,0.7400000000000004,184250
18,0.7500000000000004,184440
18,0.7600000000000005,184630
18,0.7700000000000005,184820
18,0.7800000000000005,185010
18,0.7900000000000005,185200
18,0.8000000000000005,185390
18,0.8100000000000005,185580
18,0.8200000000000005,185770
18,0.8300000000000005,185960
18,0.8400000000000005,186150
18,0.8500000000000005,186340
18,0.8600000000000005,186530
18,0.8700000000000006,186720
18,0.8800000000000006,186910
18,0.8900000000000006,187100
18,0.9000000000000006,187290
18,0.9100000000000006,187480
18,0.9200000000000006,187670
18,0.9300000000000006,187860
18,0.9400000000000006,188050
18,0.9500000000000006,188240
18,0.9600000000000006,188430
18,0.9700000000000006,188620
18,0.9800000000000006,188810
18,0.9900000000000007,189000
19,0.0,189200
19,0.01,189400
19,0.02,189600
19,0.03,189800
19,0.04,190000
19,0.05,190200
19,0.060000000000000005,190400
19,0.07,190600
19,0.08,190800
19,0.09,191000
19,0.09999999999999999,191200
19,0.10999999999999999,191400
19,0.11999999999999998,191600
19,0.12999999999999998,191800
19,0.13999999999999999,192000
19,0.15,192200
19,0.16,192400
19,0.17,192600
19,0.18000000000000002,192800
19,0.19000000000000003,193000
19,0.20000000000000004,193200
19,0.21000000000000005,193400
19,0.22000000000000006,193600
19,0.23000000000000007,193800
19,0.24000000000000007,194000
19,0.25000000000000006,194200
19,0.26000000000000006,194400
19,0.2700000000000001,194600
19,0.2800000000000001,194800
19,0.2900000000000001,195000
19,0.3000000000000001,195200
19,0.3100000000000001,195400
19,0.3200000000000001,195600
19,0.3300000000000001,195800
19,0.34000000000000014,196000
19,0.35000000000000014,196200
19,0.36000000000000015,196400
19,0.37000000000000016,196600
19,0.38000000000000017,196800
19,0.3900000000000002,197000
19,0.4000000000000002,197200
19,0.4100000000000002,197400
19,0.4200000000000002,197600
19,0.4300000000000002,197800
19,0.4400000000000002,198000
19,0.45000000000000023,198200
19,0.46000000000000024,198400
19,0.47000000000000025,198600
19,0.48000000000000026,198800
19,0.49000000000000027,199000
19,0.5000000000000002,199200
19,0.5100000000000002,199400
19,0.5200000000000002,199600
19,0.5300000000000002,199800
19,0.5400000000000003,200000
19,0.5500000000000003,200200
19,0.5600000000000003,200400
19,0.5700000000000003,200600
19,0.5800000000000003,200800
19,0.5900000000000003,201000
19,0.6000000000000003,201200
19,0.6100000000000003,201400
19,0.6200000000000003,201600
19,0.6300000000000003,201800
19,0.6400000000000003,202000
19,0.6500000000000004,202200
19,0.6600000000000004,202400
19,0.6700000000000004,202600
19,0.6800000000000004,202800
19,0.6900000000000004,203000
19,0.7000000000000004,203200
19,0.7100000000000004,203400
19,0.7200000000000004,203600
19,0.7300000000000004,203800
19,0.7400000000000004,204000
19,0.7500000000000004,204200
19,0.7600000000000005,204400
19,0.7700000000000005,204600
19,0.7800000000000005,204800
19,0.7900000000000005,205000
19,0.8000000000000005,205200
19,0.8100000000000005,205400
19,0.8200000000000005,205600
19,0.8300000000000005,205800
19,0.8400000000000005,206000
19,0.8500000000000005,206200
19,0.8600000000000005,206400
19,0.8700000000000006,206600
19,0.8800000000000006,206800
19,0.8900000000000006,207000
19,0.9000000000000006,207200
19,0.9100000000000006,207400
19,0.9200000000000006,207600
19,0.9300000000000006,207800
19,0.9400000000000006,208000
19,0.9500000000000006,208200
19,0.9600000000000006,208400
19,0.9700000000000006,208600
19,0.9800000000000006,208800
19,0.9900000000000007,209000
20,0.0,209210
20,0.01,209420
20,0.02,209630
20,0.03,209840
20,0.04,210050
20,0.05,210260
20,0.060000000000000005,210470
20,0.07,210680
20,0.08,210890
20,0.09,211100
20,0.09999999999999999,211310
20,0.10999999999999999,211520
20,0.11999999999999998,211730
20,0.12999999999999998,211940
20,0.13999999999999999,212150
20,0.15,212360
20,0.16,212570
20,0.17,212780
20,0.18000000000000002,212990
20,0.19000000000000003,213200
20,0.20000000000000004,213410
20,0.21000000000000005,213620
20,0.22000000000000006,213830
20,0.23000000000000007,214040
20,0.24000000000000007,214250
20,0.25000000000000006,214460
20,0.26000000000000006,214670
20,0.2700000000000001,214880
20,0.2800000000000001,215090
20,0.2900000000000001,215300
20,0.3000000000000001,215510
20,0.3100000000000001,215720
20,0.3200000000000001,215930
20,0.3300000000000001,216140
20,0.34000000000000014,216350
20,0.35000000000000014,216560
20,0.36000000000000015,216770
20,0.37000000000000016,216980
20,0.38000000000000017,217190
20,0.3900000000000002,217400
20,0.4000000000000002,217610
20,0.4100000000000002,217820
20,0.4200000000000002,218030
20,0.4300000000000002,218240
20,0.4400000000000002,218450
20,0.45000000000000023,218660
20,0.46000000000000024,218870
20,0.47000000000000025,219080
20,0.48000000000000026,219290
20,0.49000000000000027,219500
20,0.5000000000000002,219710
20,0.5100000000000002,219920
20,0.5200000000000002,220130
20,0.5300000000000002,220340
20,0.5400000000000003,220550
20,0.5500000000000003,220760
20,0.5600000000000003,220970
20,0.5700000000000003,221180
20,0.5800000000000003,221390
20,0.5900000000000003,221600
20,0.6000000000000003,221810
20,0.6100000000000003,222020
20,0.6200000000000003,222230
20,0.6300000000000003,222440
20,0.6400000000000003,222650
20,0.6500000000000004,222860
20,0.6600000000000004,223070
20,0.6700000000000004,223280
20,0.6800000000000004,223490
20,0.6900000000000004,223700
20,0.7000000000000004,223910
20,0.7100000000000004,224120
20,0.7200000000000004,224330
20,0.7300000000000004,224540
20,0.7400000000000004,224750
20,0.7500000000000004,224960
20,0.7600000000000005,225170
20,0.7700000000000005,225380
20,0.7800000000000005,225590
20,0.7900000000000005,225800
20,0.8000000000000005,226010
20,0.8100000000000005,226220
20,0.8200000000000005,226430
20,0.8300000000000005,226640
20,0.8400000000000005,226850
20,0.8500000000000005,227060
20,0.8600000000000005,227270
20,0.8700000000000006,227480
20,0.8800000000000006,227690
20,0.8900000000000006,227900
20,0.9000000000000006,228110
20,0.9100000000000006,228320
20,0.9200000000000006,228530
20,0.9300000000000006,228740
20,0.9400000000000006,228950
20,0.9500000000000006,229160
20,0.9600000000000006,229370
20,0.9700000000000006,229580
20,0.9800000000000006,229790
20,0.9900000000000007,230000
21,0.0,230220
21,0.01,230440
21,0.02,230660
21,0.03,230880
21,0.04,231100
21,0.05,231320
21,0.060000000000000005,231540
21,0.07,231760
21,0.08,231980
21,0.09,232200
21,0.09999999999999999,232420
21,0.10999999999999999,232640
21,0.11999999999999998,232860
21,0.12999999999999998,233080
21,0.13999999999999999,233300
21,0.15,233520
21,0.16,233740
21,0.17,233960
21,0.18000000000000002,234180
21,0.19000000000000003,234400
21,0.20000000000000004,234620
21,0.21000000000000005,234840
21,0.22000000000000006,235060
21,0.23000000000000007,235280
21,0.24000000000000007,235500
21,0.25000000000000006,235720
21,0.26000000000000006,235940
21,0.2700000000000001,236160
21,0.2800000000000001,236380
21,0.2900000000000001,236600
21,0.3000000000000001,236820
21,0.3100000000000001,237040
21,0.3200000000000001,237260
21,0.3300000000000001,237480
21,0.34000000000000014,237700
21,0.35000000000000014,237920
21,0.36000000000000015,238140
21,0.37000000000000016,238360
21,0.38000000000000017,238580
21,0.3900000000000002,238800
21,0.4000000000000002,239020
21,0.4100000000000002,239240
21,0.4200000000000002,239460
21,0.4300000000000002,239680
21,0.4400000000000002,239900
21,0.45000000000000023,240120
21,0.46000000000000024,240340
21,0.47000000000000025,240560
21,0.48000000000000026,240780
21,0.49000000000000027,241000
21,0.5000000000000002,241220
21,0.5100000000000002,241440
21,0.5200000000000002,241660
21,0.5300000000000002,241880
21,0.5400000000000003,242100
21,0.5500000000000003,242320
21,0.5600000000000003,242540
21,0.5700000000000003,242760
21,0.5800000000000003,242980
21,0.5900000000000003,243200
21,0.6000000000000003,243420
21,0.6100000000000003,243640
21,0.6200000000000003,243860
21,0.6300000000000003,244080
21,0.6400000000000003,244300
21,0.6500000000000004,244520
21,0.6600000000000004,244740
21,0.6700000000000004,244960
21,0.6800000000000004,245180
21,0.6900000000000004,245400
21,0.7000000000000004,245620
21,0.7100000000000004,245840
21,0.7200000000000004,246060
21,0.7300000000000004,246280
21,0.7400000000000004,246500
21,0.7500000000000004,246720
21,0.7600000000000005,246940
21,0.7700000000000005,247160
21,0.7800000000000005,247380
21,0.7900000000000005,247600
21,0.8000000000000005,247820
21,0.8100000000000005,248040
21,0.8200000000000005,248260
21,0.8300000000000005,248480
21,0.8400000000000005,248700
21,0.8500000000000005,248920
21,0.8600000000000005,249140
21,0.8700000000000006,249360
21,0.8800000000000006,249580
21,0.8900000000000006,249800
21,0.9000000000000006,250020
21,0.9100000000000006,250240
21,0.9200000000000006,250460
21,0.9300000000000006,250680
21,0.9400000000000006,250900
21,0.9500000000000006,251120
21,0.9600000000000006,251340
21,0.9700000000000006,251560
21,0.9800000000000006,251780
21,0.9900000000000007,252000
22,0.0,252230
22,0.01,252460
22,0.02,252690
22,0.03,252920
22,0.04,253150
22,0.05,253380
22,0.060000000000000005,253610
22,0.07,253840
22,0.08,254070
22,0.09,254300
22,0.09999999999999999,254530
22,0.10999999999999999,254760
22,0.11999999999999998,254990
22,0.12999999999999998,255220
22,0.13999999999999999,255450
22,0.15,255680
22,0.16,255910
22,0.17,256140
22,0.18000000000000002,256370
22,0.19000000000000003,256600
22,0.20000000000000004,256830
22,0.21000000000000005,257060
22,0.22000000000000006,257290
22,0.23000000000000007,257520
22,0.24000000000000007,257750
22,0.25000000000000006,257980
22,0.26000000000000006,258210
22,0.2700000000000001,258440
22,0.2800000000000001,258670
22,0.2900000000000001,258900
22,0.3000000000000001,259130
22,0.3100000000000001,259360
22,0.3200000000000001,259590
22,0.3300000000000001,259820
22,0.34000000000000014,260050
22,0.35000000000000014,260280
22,0.36000000000000015,260510
22,0.37000000000000016,260740
22,0.38000000000000017,260970
22,0.3900000000000002,261200
22,0.4000000000000002,261430
22,0.4100000000000002,261660
22,0.4200000000000002,261890
22,0.4300000000000002,262120
22,0.4400000000000002,262350
22,0.45000000000000023,262580
22,0.46000000000000024,262810
22,0.47000000000000025,263040
22,0.48000000000000026,263270
22,0.49000000000000027,263500
22,0.5000000000000002,263730
22,0.5100000000000002,263960
22,0.5200000000000002,264190
22,0.5300000000000002,264420
22,0.5400000000000003,264650
22,0.5500000000000003,264880
22,0.5600000000000003,265110
22,0.5700000000000003,265340
22,0.5800000000000003,265570
22,0.5900000000000003,265800
22,0.6000000000000003,266030
22,0.6100000000000003,266260
22,0.6200000000000003,266490
22,0.6300000000000003,266720
22,0.6400000000000003,266950
22,0.6500000000000004,267180
22,0.6600000000000004,267410
22,0.6700000000000004,267640
22,0.6800000000000004,267870
22,0.6900000000000004,268100
22,0.7000000000000004,268330
22,0.7100000000000004,268560
22,0.7200000000000004,268790
22,0.7300000000000004,269020
22,0.7400000000000004,269250
22,0.7500000000000004,269480
22,0.7600000000000005,269710
22,0.7700000000000005,269940
22,0.7800000000000005,270170
22,0.7900000000000005,270400
22,0.8000000000000005,270630
22,0.8100000000000005,270860
22,0.8200000000000005,271090
22,0.8300000000000005,271320
22,0.8400000000000005,271550
22,0.8500000000000005,271780
22,0.8600000000000005,272010
22,0.8700000000000006,272240
22,0.8800000000000006,272470
22,0.8900000000000006,272700
22,0.9000000000000006,272930
22,0.9100000000000006,273160
22,0.9200000000000006,273390
22,0.9300000000000006,273620
22,0.9400000000000006,273850
22,0.9500000000000006,274080
22,0.9600000000000006,274310
22,0.9700000000000006,274540
22,0.9800000000000006,274770
22,0.9900000000000007,275000
23,0.0,275240
23,0.01,275480
23,0.02,275720
23,0.03,275960
23,0.04,276200
23,0.05,276440
23,0.060000000000000005,276680
23,0.07,276920
23,0.08,277160
23,0.09,277400
23,0.09999999999999999,277640
23,0.10999999999999999,277880
23,0.11999999999999998,278120
23,0.12999999999999998,278360
23,0.13999999999999999,278600
23,0.15,278840
23,0.16,279080
23,0.17,279320
23,0.18000000000000002,279560
23,0.19000000000000003,279800
23,0.20000000000000004,280040
23,0.21000000000000005,280280
23,0.22000000000000006,280520
23,0.23000000000000007,280760
23,0.24000000000000007,281000
23,0.25000000000000006,281240
23,0.26000000000000006,281480
23,0.2700000000000001,281720
23,0.2800000000000001,281960
23,0.2900000000000001,282200
23,0.3000000000000001,282440
23,0.3100000000000001,282680
23,0.3200000000000001,282920
23,0.3300000000000001,283160
23,0.34000000000000014,283400
23,0.35000000000000014,283640
23,0.36000000000000015,283880
23,0.37000000000000016,284120
23,0.38000000000000017,284360
23,0.3900000000000002,284600
23,0.4000000000000002,284840
23,0.4100000000000002,285080
23,0.4200000000000002,285320
23,0.4300000000000002,285560
23,0.4400000000000002,285800
23,0.45000000000000023,286040
23,0.46000000000000024,286280
23,0.47000000000000025,286520
23,0.48000000000000026,286760
23,0.49000000000000027,287000
23,0.5000000000000002,287240
23,0.5100000000000002,287480
23,0.5200000000000002,287720
23,0.5300000000000002,287960
23,0.5400000000000003,288200
23,0.5500000000000003,288440
23,0.5600000000000003,288680
23,0.5700000000000003,288920
23,0.5800000000000003,289160
23,0.5900000000000003,289400
23,0.6000000000000003,289640
23,0.6100000000000003,289880
23,0.6200000000000003,290120
23,0.6300000000000003,290360
23,0.6400000000000003,290600
23,0.6500000000000004,290840
23,0.6600000000000004,291080
23,0.6700000000000004,291320
23,0.6800000000000004,291560
23,0.6900000000000004,291800
23,0.7000000000000004,292040
23,0.7100000000000004,292280
23,0.7200000000000004,292520
23,0.7300000000000004,292760
23,0.7400000000000004,293000
23,0.7500000000000004,293240
23,0.7600000000000005,293480
23,0.7700000000000005,293720
23,0.7800000000000005,293960
23,0.7900000000000005,294200
23,0.8000000000000005,294440
23,0.8100000000000005,294680
23,0.8200000000000005,294920
23,0.8300000000000005,295160
23,0.8400000000000005,295400
23,0.8500000000000005,295640
23,0.8600000000000005,295880
23,0.8700000000000006,296120
23,0.8800000000000006,296360
23,0.8900000000000006,296600
23,0.9000000000000006,296840
23,0.9100000000000006,297080
23,0.9200000000000006,297320
23,0.9300000000000006,297560
23,0.9400000000000006,297800
23,0.9500000000000006,298040
23,0.9600000000000006,298280
23,0.9700000000000006,298520
23,0.9800000000000006,298760
23,0.9900000000000007,299000
24,0.0,299250
24,0.01,299500
24,0.02,299750
24,0.03,300000
24,0.04,300250
24,0.05,300500
24,0.060000000000000005,300750
24,0.07,301000
24,0.08,301250
24,0.09,301500
24,0.09999999999999999,301750
24,0.10999999999999999,302000
24,0.11999999999999998,302250
24,0.12999999999999998,302500
24,0.13999999999999999,302750
24,0.15,303000
24,0.16,303250
24,0.17,303500
24,0.18000000000000002,303750
24,0.19000000000000003,304000
24,0.20000000000000004,304250
24,0.21000000000000005,304500
24,0.22000000000000006,304750
24,0.23000000000000007,305000
24,0.24000000000000007,305250
24,0.25000000000000006,305500
24,0.26000000000000006,305750
24,0.2700000000000001,306000
24,0.2800000000000001,306250
24,0.2900000000000001,306500
24,0.3000000000000001,306750
24,0.3100000000000001,307000
24,0.3200000000000001,307250
24,0.3300000000000001,307500
24,0.34000000000000014,307750
24,0.35000000000000014,308000
24,0.36000000000000015,308250
24,0.37000000000000016,308500
24,0.38000000000000017,308750
24,0.3900000000000002,309000
24,0.4000000000000002,309250
24,0.4100000000000002,309500
24,0.4200000000000002,309750
24,0.4300000000000002,310000
24,0.4400000000000002,310250
24,0.45000000000000023,310500
24,0.46000000000000024,310750
24,0.47000000000000025,311000
24,0.48000000000000026,311250
24,0.49000000000000027,311500
24,0.5000000000000002,311750
24,0.5100000000000002,312000
24,0.5200000000000002,312250
24,0.5300000000000002,312500
24,0.5400000000000003,312750
24,0.5500000000000003,313000
24,0.5600000000000003,313250
24,0.5700000000000003,313500
24,0.5800000000000003,313750
24,0.5900000000000003,314000
24,0.6000000000000003,314250
24,0.6100000000000003,314500
24,0.6200000000000003,314750
24,0.6300000000000003,315000
24,0.6400000000000003,315250
24,0.6500000000000004,315500
24,0.6600000000000004,315750
24,0.6700000000000004,316000
24,0.6800000000000004,316250
24,0.6900000000000004,316500
24,0.7000000000000004,316750
24,0.7100000000000004,317000
24,0.7200000000000004,317250
24,0.7300000000000004,317500
24,0.7400000000000004,317750
24,0.7500000000000004,318000
24,0.7600000000000005,318250
24,0.7700000000000005,318500
24,0.7800000000000005,318750
24,0.7900000000000005,319000
24,0.8000000000000005,319250
24,0.8100000000000005,319500
24,0.8200000000000005,319750
24,0.8300000000000005,320000
24,0.8400000000000005,320250
24,0.8500000000000005,320500
24,0.8600000000000005,320750
24,0.8700000000000006,321000
24,0.8800000000000006,321250
24,0.8900000000000006,321500
24,0.9000000000000006,321750
24,0.9100000000000006,322000
24,0.9200000000000006,322250
24,0.9300000000000006,322500
24,0.9400000000000006,322750
24,0.9500000000000006,323000
24,0.9600000000000006,323250
24,0.9700000000000006,323500
24,0.9800000000000006,323750
24,0.9900000000000007,324000
25,0.0,324260
25,0.01,324520
25,0.02,324780
25,0.03,325040
25,0.04,325300
25,0.05,325560
25,0.060000000000000005,325820
25,0.07,326080
25,0.08,326340
25,0.09,326600
25,0.09999999999999999,326860
25,0.10999999999999999,327120
25,0.11999999999999998,327380
25,0.12999999999999998,327640
25,0.13999999999999999,327900
25,0.15,328160
25,0.16,328420
25,0.17,328680
25,0.18000000000000002,328940
25,0.19000000000000003,329200
25,0.20000000000000004,329460
25,0.21000000000000005,329720
25,0.22000000000000006,329980
25,0.23000000000000007,330240
25,0.24000000000000007,330500
25,0.25000000000000006,330760
25,0.26000000000000006,331020
25,0.2700000000000001,331280
25,0.2800000000000001,331540
25,0.2900000000000001,331800
25,0.3000000000000001,332060
25,0.3100000000000001,332320
25,0.3200000000000001,332580
25,0.3300000000000001,332840
25,0.34000000000000014,333100
25,0.35000000000000014,333360
25,0.36000000000000015,333620
25,0.37000000000000016,333880
25,0.38000000000000017,334140
25,0.3900000000000002,334400
25,0.4000000000000002,334660
25,0.4100000000000002,334920
25,0.4200000000000002,335180
25,0.4300000000000002,335440
25,0.4400000000000002,335700
25,0.45000000000000023,335960
25,0.46000000000000024,336220
25,0.47000000000000025,336480
25,0.48000000000000026,336740
25,0.49000000000000027,337000
25,0.5000000000000002,337260
25,0.5100000000000002,337520
25,0.5200000000000002,337780
25,0.5300000000000002,338040
25,0.5400000000000003,338300
25,0.5500000000000003,338560
25,0.5600000000000003,338820
25,0.5700000000000003,339080
25,0.5800000000000003,339340
25,0.5900000000000003,339600
25,0.6000000000000003,339860
25,0.6100000000000003,340120
25,0.6200000000000003,340380
25,0.6300000000000003,340640
25,0.6400000000000003,340900
25,0.6500000000000004,341160
25,0.6600000000000004,341420
25,0.6700000000000004,341680
25,0.6800000000000004,341940
25,0.6900000000000004,342200
25,0.7000000000000004,342460
25,0.7100000000000004,342720
25,0.7200000000000004,342980
25,0.7300000000000004,343240
25,0.7400000000000004,343500
25,0.7500000000000004,343760
25,0.7600000000000005,344020
25,0.7700000000000005,344280
25,0.7800000000000005,344540
25,0.7900000000000005,344800
25,0.8000000000000005,345060
25,0.8100000000000005,345320
25,0.8200000000000005,345580
25,0.8300000000000005,345840
25,0.8400000000000005,346100
25,0.8500000000000005,346360
25,0.8600000000000005,346620
25,0.8700000000000006,346880
25,0.8800000000000006,347140
25,0.8900000000000006,347400
25,0.9000000000000006,347660
25,0.9100000000000006,347920
25,0.9200000000000006,348180
25,0.9300000000000006,348440
25,0.9400000000000006,348700
25,0.9500000000000006,348960
25,0.9600000000000006,349220
25,0.9700000000000006,349480
25,0.9800000000000006,349740
25,0.9900000000000007,350000
